{
  "featuredItems": [
    {
      "id": 1,
      "name": "Товар 1",
      "title": "ELLERY X M'O CAPSULE",
      "description": "Known for her sculptural takes on traditional tailoring, Australian arbiter of cool Kym Ellery teams up with Moda Operandi.",
      "price": "$10.99",
      "image": "img/product1.svg"
    },
    {
      "id": 2,
      "name": "Товар 2",
      "title": "ELLERY X M'O CAPSULE",
      "description": "Known for her sculptural takes on traditional tailoring, Australian arbiter of cool Kym Ellery teams up with Moda Operandi.",
      "price": "$19.99",
      "image": "img/product2.svg"
    },
    {
      "id": 3,
      "name": "Товар 3",
      "title": "ELLERY X M'O CAPSULE",
      "description": "Known for her sculptural takes on traditional tailoring, Australian arbiter of cool Kym Ellery teams up with Moda Operandi.",
      "price": "$5.99",
      "image": "img/product3.svg"
    },
    {
      "id": 4,
      "name": "Товар 4",
      "title": "ELLERY X M'O CAPSULE",
      "description": "Known for her sculptural takes on traditional tailoring, Australian arbiter of cool Kym Ellery teams up with Moda Operandi.",
      "price": "$14.9",
      "image": "img/product4.svg"
    },
    {
      "id": 5,
      "name": "Товар 5",
      "title": "ELLERY X M'O CAPSULE",
      "description": "Known for her sculptural takes on traditional tailoring, Australian arbiter of cool Kym Ellery teams up with Moda Operandi.",
      "price": "$8.99",
      "image": "img/product5.svg"
    },
    {
      "id": 6,
      "name": "Товар 6",
      "title": "ELLERY X M'O CAPSULE",
      "description": "Known for her sculptural takes on traditional tailoring, Australian arbiter of cool Kym Ellery teams up with Moda Operandi.",
      "price": "$12.99",
      "image": "img/product6.svg"
    }
  ]
}
